Page,Edits,Editors,Views
"Всеросійська державна телевізійна і радіомовна компанія",4,4,241645
"НТВ",6,5,118379
"Шевченко Тарас Григорович",8,2,70281
"Україна",13,7,64354
".torrent",0,0,62705
"День захисника України",9,7,57139
"YouTube",1,1,55105
"Хелловін",22,8,53054
"Захар Беркут (повість)",6,5,47272
"Хіба ревуть воли, як ясла повні?",2,1,46909
"Покрова Пресвятої Богородиці",19,8,45792
"Google",7,2,44772
"Київ",4,4,43378
"Спадкування",0,0,42692
"Франко Іван Якович",2,2,42461
"Просвітництво",4,2,42408
"Стус Василь Семенович",8,6,42137
"Місцеві вибори в Україні 2020",67,20,41367
"Вірус",7,3,41020
"За Майбутнє (партія)",20,10,39760
"Перший канал (Росія)",4,4,39724
"За майбутнє (депутатська група)",7,7,39589
"Перша світова війна",6,4,39141
"Святослав Ігорович",0,0,38975
"Нагірний Карабах",14,6,36927
"Київська Русь",12,2,36185
"Кирило-Мефодіївське товариство",0,0,35827
"Limited liability company",0,0,35598
"Українські січові стрільці",2,2,35489
"Сан-Бруно",0,0,35025
"Трипільська культура",2,1,33787
"Радіо «Свобода»",0,0,33637
"Мішина Ксенія Олександрівна",5,4,33620
"Клітина",0,0,33534
"Facebook",5,3,33511
"Білки",0,0,32322
"Десять заповідей",0,0,31648
"COVID-19 у Полтавській області",114,4,29365
"Балада",0,0,29159
"Пропозиція (політична партія)",4,2,28452
"Будапештський меморандум",8,7,27503
"Німеччина",6,4,27293
"Біблія",13,8,27135
"Олег Кензов",2,2,26870
"Іван Карпенко-Карий",1,1,26807
"Наш край (політична партія)",70,12,25931
"Ліпіди",1,1,25647
"Медведчук Віктор Володимирович",12,10,24822
"Бактерії",1,1,24626
"Карлес Пучдемон",0,0,24424
"Європейський Союз",1,1,24382
"Українська Центральна Рада",3,3,24346
"Менло-Парк (Каліфорнія)",0,0,24342
"Вуглеводи",4,3,24065
"Слово о полку Ігоревім",0,0,23949
"Права людини",2,1,23802
"Facebook, Inc.",0,0,23582
"Панас Мирний",3,3,23570
"Божественна комедія",1,1,23521
"Палиця Ігор Петрович",3,2,23343
"Стамен Григоров",11,1,23292
"Стародавній Єгипет",1,1,23082
"Держава",1,1,22976
"Ольга (княгиня)",1,1,22841
"Велика двадцятка",1,1,22609
"Сатурація",9,1,22550
"Список 250 найрейтинговіших фільмів IMDb",13,2,22510
"Універсали Української Центральної Ради",0,0,22503
"Франція",9,5,22361
"Велика французька революція",1,1,22213
"Театр корифеїв",0,0,22115
"Археї",1,1,21892
"Ода до радості",2,2,21728
"Періодична система хімічних елементів",0,0,21442
"Розстріляне відродження",3,2,21319
"Велика Британія",2,2,21309
"Львів",9,5,21238
"Крайні точки України",0,0,21170
"Люблінська унія",2,2,21066
"Відродження",0,0,20993
"Географічна карта",10,7,20774
"Арестович Олексій Миколайович",18,14,20625
"Фразеологізм",0,0,20316
"Гриб-зонтик великий",0,0,20216
"Візантійська імперія",0,0,20038
"Список українських жіночих імен",0,0,19946
"Романтизм",2,2,19838
"Дощові черви",4,3,19776
"Українська абетка",2,2,19711
"Я (Романтика)",4,1,19520
"Нурмагомедов Хабіб Абдулманапович",4,3,19514
"Кайдашева сім'я",0,0,19497
"Берестейська унія",3,2,19480
"Микола Хвильовий",10,5,19401
"Наполеон",3,2,19379
"Запорозька Січ",2,2,19102
"Їстівні гриби",0,0,19012
"Грушевський Михайло Сергійович",1,1,18975
"Польща",4,4,18963
"Гімн України",0,0,18938
"Наслідки Першої світової війни",?,?,18896
"Ломаченко Василь Анатолійович",?,?,18878
"Джанні Родарі",?,?,18854
"Прискорення",?,?,18841
"Ферменти",?,?,18729
"Козаки",?,?,18675
"Прометей (міфологія)",?,?,18633
"Коран",?,?,18607
"Україна в Першій світовій війні",?,?,18533
"Кільчасті черви",?,?,18522
"Клітинна мембрана",?,?,18396
"Список країн Європейського Союзу",?,?,18367
"Галицько-Волинське князівство",?,?,18364
"Захар Беркут (фільм, 2019)",?,?,18328
"OPTICS",?,?,18307
"Вільям Шекспір",?,?,18220
"Прокаріоти",?,?,18201
"Історичні пісні",?,?,18156
"Мартин Боруля",?,?,18124
"Йоганн Вольфганг фон Гете",?,?,18096
"Українська повстанська армія",?,?,18054
"Фрідріх Шиллер",?,?,18001
"Економіка Норвегії",?,?,17986
"Міф",?,?,17894
"Дезоксирибонуклеїнова кислота",?,?,17857
"Пневмонія",?,?,17711
"Список українських чоловічих імен",?,?,17677
"Вільна економічна зона",?,?,17570
"Операція «Вісла»",?,?,17569
"Леся Українка",?,?,17494
"Адаптація",?,?,17336
"Сполучені Штати Америки",?,?,17236
"Збройні сили України",?,?,17152
"Середньовіччя",?,?,17038
"Друга світова війна",?,?,16978
"Еукаріоти",?,?,16866
"Instagram",?,?,16861
"Філософія",?,?,16740
"Гамлет",?,?,16710
"Культура",?,?,16659
"Великі географічні відкриття",?,?,16657
"Ковалентний зв'язок",?,?,16649
"Дифузія",?,?,16626
"Азербайджан",?,?,16579
"Право",?,?,16562
"Данте Аліг'єрі",?,?,16554
"Первісне суспільство",?,?,16525
"Секс",?,?,16504
"Нормативно-правовий акт",?,?,16488
"Опозиційна платформа — За життя",?,?,16423
"Українське національне відродження",?,?,16396
"РНК",?,?,16259
"Пріони",?,?,16104
"Список країн за формою правління",?,?,16039
"Карло Акутіс",?,?,15994
"Атом",?,?,15985
"Зіткнення в Нагірному Карабасі (2020)",?,?,15941
"Норма права",?,?,15758
"Рослинні клітини",?,?,15694
"Карабаський конфлікт",?,?,15687
"Ярослав Мудрий",?,?,15583
"Фольклор",?,?,15580
"Конституційний Суд України",?,?,15526
"Організація Об'єднаних Націй",?,?,15514
"Ефект Стрейзанд",?,?,15485
"Кліматичний пояс",?,?,15419
"Демократія",?,?,15418
"Гомер",?,?,15272
"Хімічний елемент",?,?,15241
"Гриби",?,?,15228
"Дума",?,?,15220
"Обмін речовин",?,?,15214
"Рівні організації живої матерії",?,?,15175
"Розчинність",?,?,15164
"Усик Олександр Олександрович",?,?,15158
"Притула Сергій Дмитрович",?,?,15119
"Імпресіонізм",?,?,15106
"Президентські вибори у США 2020",?,?,15069
"Пальчевський Андрій Іванович",?,?,15062
"Географічні координати",?,?,15054
"М'язи",?,?,15045
"Античність",?,?,15015
"Володимир Святославич",?,?,15011
"Закони Ньютона",?,?,15006
"Алкани",?,?,14959
"Богдан Хмельницький",?,?,14948
"Печериця рудіюча отруйна",?,?,14918
"Попит і пропозиція",?,?,14862
"Пекло (Божественна комедія)",?,?,14842
"Список померлих 2020 року",?,?,14813
"Другий Універсал Української Центральної Ради",?,?,14791
"Шон Коннері",?,?,14748
"Монархія",?,?,14712
"Форма державного правління",?,?,14614
"Верещук Ірина Андріївна",?,?,14602
"Нуклеїнові кислоти",?,?,14602
"Амінокислоти",?,?,14549
"Маруся Чурай",?,?,14540
"Магдебурзьке право",?,?,14474
"Італія",?,?,14439
"Сковорода Григорій Савич",?,?,14390
"Хрещення Русі",?,?,14369
"Магнітне поле",?,?,14341
"Росія",?,?,14336
"Геракл",?,?,14324
"Місцеві вибори в Києві 2020",?,?,14308
"Версальський договір",?,?,14307
"НАТО",?,?,14275
"Зеленський Володимир Олександрович",?,?,14270
"Кістка",?,?,14248
"Олег Віщий",?,?,14194
"Українська мова",?,?,14159
"Українська Народна Республіка",?,?,14107
"Органела",?,?,14098
"Соціальна норма",?,?,14060
"Костилєв Олександр Олегович",?,?,14033
"Африка",?,?,14010
"Титомир Богдан Петрович",?,?,13983
"Органічні сполуки",?,?,13964
"Вода",?,?,13949
"Українська революція",?,?,13910
"Веди",?,?,13906
"Паризька мирна конференція (1919—1920)",?,?,13878
"Мандри Гуллівера",?,?,13872
"Міжнародна система одиниць (СІ)",?,?,13851
"Питома теплоємність",?,?,13849
"Крихітка Цахес на прізвисько Цинобер",?,?,13837
"Епітет",?,?,13809
"Перший Універсал Української Центральної Ради",?,?,13693
"Повість временних літ",?,?,13651
"Легка атлетика",?,?,13648
"Структура білків",?,?,13643
"Хімічний зв'язок",?,?,13589
"Сонячна система",?,?,13575
"Правила вживання апострофа в українській мові",?,?,13573
"Розчин",?,?,13531
"Нагірно-Карабаська Республіка",?,?,13487
"Топ-модель по-українськи",?,?,13468
"Державний кордон України",?,?,13427
"Конституція України",?,?,13370
"Туберкульоз",?,?,13344
"Вид",?,?,13317
"PH",?,?,13287
"Членистоногі",?,?,13247
"Федеративна держава",?,?,13247
"Софійський собор (Київ)",?,?,13183
"Ukr.net",?,?,13168
"Східні слов'яни",?,?,13111
"OLX",?,?,13106
"G7",?,?,13070
"Бебра (значення)",?,?,13068
"Словосполучення",?,?,13063
"Вітаміни",?,?,13058
"Електричний струм",?,?,13049
"Інфекційні захворювання",?,?,13028
"Данило Галицький",?,?,13002
"Гетьманщина",?,?,12969
"Українське козацтво",?,?,12969
"Надзвичайна ситуація",?,?,12942
"Кличко Віталій Володимирович",?,?,12924
"Порошенко Петро Олексійович",?,?,12903
"Картографічна проєкція",?,?,12890
"Ігор Рюрикович",?,?,12879
"Франкське королівство",?,?,12872
"Ліга Націй",?,?,12783
"Арістотель",?,?,12776
"Киргизстан",?,?,12744
"Реформація",?,?,12713
"Маруся Богуславка",?,?,12711
"Населення України",?,?,12685
"Карл I Великий",?,?,12616
"Покоління прав людини",?,?,12592
"Аскольд",?,?,12549
"День Українського козацтва",?,?,12548
"Пароніми",?,?,12546
"Хмельниччина",?,?,12503
"Військові звання України",?,?,12452
"Велике князівство Литовське",?,?,12400
"Тканина (біологія)",?,?,12389
"Операційна система",?,?,12381
"Єгипет",?,?,12373
"Рівноприскорений рух",?,?,12351
"Билини",?,?,12344
"Скіфи",?,?,12330
"Ракоподібні",?,?,12285
"Іліада",?,?,12266
"Польський гриб",?,?,12223
"Microsoft Windows",?,?,12200
"Танці з зірками",?,?,12196
"Обертання Землі",?,?,12167
"Молекула",?,?,12156
"Союз Радянських Соціалістичних Республік",?,?,12148
"Комахи",?,?,12113
"Економічна система",?,?,12103
"Місяць (супутник)",?,?,12094
"Третій Універсал Української Центральної Ради",?,?,12089
"Азимут",?,?,12081
"Павукоподібні",?,?,12060
"Річ Посполита",?,?,12055
"Туреччина",?,?,12029
"Промисловість Швеції",?,?,12003
"Бущан Георгій Миколайович",?,?,12003
"Вірменія",?,?,11982
"Алегорія",?,?,11969
"Здоров'я",?,?,11913
"Війна на сході України",?,?,11902
"Республіка",?,?,11864
"Швидкість",?,?,11833
"Промислова революція",?,?,11791
"Іван Мазепа",?,?,11757
"Адольф Гітлер",?,?,11749
"Гаррі Поттер (серія фільмів)",?,?,11740
"Тоталітаризм",?,?,11722
"Віденський конгрес",?,?,11689
"Розвинені країни",?,?,11680
"Код ЄДРПОУ",?,?,11647
"Цукровий діабет",?,?,11599
"Робін Гуд",?,?,11562
"Топографічна карта",?,?,11562
"Державний устрій",?,?,11551
"Земля",?,?,11537
"Вересовий трунок",?,?,11521
"Android",?,?,11520
"Українські народні пісні",?,?,11516
"Білорусь",?,?,11515
"Клітинне ядро",?,?,11512
"Сім чудес України",?,?,11508
"Комп'ютер",?,?,11501
"Послідовне і паралельне з'єднання провідників",?,?,11463
"Нечуй-Левицький Іван Семенович",?,?,11448
"Інформація",?,?,11429
"Швейцарія",?,?,11367
"Перекладач",?,?,11360
"Втрати силових структур внаслідок російського вторгнення в Україну (з липня 2020 року)",?,?,11357
"Омоніми",?,?,11355
"Бандера Степан Андрійович",?,?,11342
"Morgenshtern",?,?,11327
"Клітинна стінка",?,?,11323
"Комп'ютерна 3D-графіка",?,?,11301
"Економіка Нідерландів",?,?,11300
"Бій під Крутами",?,?,11271
"Закон Ома",?,?,11256
"Особистість",?,?,11233
"Список президентів України",?,?,11202
"Список кодів МКХ-10",?,?,11195
"Валовий внутрішній продукт",?,?,11165
"Травна система",?,?,11132
"Холодна війна",?,?,11117
"Австралія",?,?,11104
"Тварини",?,?,11029
"Винниченко Володимир Кирилович",?,?,11024
"Синонім",?,?,11001
"Есе",?,?,10995
"Головна українська рада",?,?,10965
"Економіка України",?,?,10932
"Брусиловський прорив",?,?,10928
"Паразитизм",?,?,10925
"Ведмідь бурий",?,?,10892
"Наполеонівські війни",?,?,10884
"Амстердам",?,?,10877
"Фауст (Гете)",?,?,10869
"Чумацький Шлях",?,?,10868
"Громадянське суспільство",?,?,10820
"Краснов Загід Геннадійович",?,?,10793
"Штучний інтелект",?,?,10779
"Програмне забезпечення",?,?,10746
"Масонство",?,?,10707
"Дерек Чісора",?,?,10692
"Мітохондрія",?,?,10690
"Економіка",?,?,10655
"Тичина Павло Григорович",?,?,10637
"Інформаційні технології",?,?,10617
"Рильський Максим Тадейович",?,?,10582
"Якобінська диктатура",?,?,10568
"Сірка",?,?,10554
"Обрядові та обрядово-календарні пісні",?,?,10541
"Пандемія коронавірусної хвороби 2019",?,?,10537
"Жінки в Першій світовій війні",?,?,10523
"Похибка вимірювання",?,?,10509
"Речовина",?,?,10505
"Лібералізм",?,?,10503
"Європейський суд з прав людини",?,?,10496
"Психологія",?,?,10474
"Telegram",?,?,10465
"Канада",?,?,10461
"Природна зона",?,?,10457
"Петро Конашевич-Сагайдачний",?,?,10450
"Верховна Рада України",?,?,10442
"Члени речення",?,?,10440
"Риторика",?,?,10438
"Цитоплазма",?,?,10405
"Запозичені слова в українській мові",?,?,10396
"Електроліти",?,?,10384
"Історія України",?,?,10382
"Національна поліція України",?,?,10377
"Езоп",?,?,10371
"Гідра (рід)",?,?,10367
"Глобалізація",?,?,10338
"Хромосома",?,?,10330
"Прислівник",?,?,10314
"Неолітична революція",?,?,10303
"Сузір'я",?,?,10298
"Адам Міцкевич",?,?,10291
"Економіка Німеччини",?,?,10274
"Метали",?,?,10269
"Реалізм",?,?,10220
"Among Us",?,?,10219
"Юридична особа",?,?,10216
"Політичний режим",?,?,10216
"Переклади Біблії українською мовою",?,?,10206
"Ернст Теодор Амадей Гофман",?,?,10203
"Франц Кафка",?,?,10191
"Масштаб",?,?,10171
"Фільварок",?,?,10152
"Склад Конституційного Суду України",?,?,10152
"Магніт",?,?,10126
"Список країн Європи за площею",?,?,10124
"Гуманізм",?,?,10106
"Дніпро",?,?,10094
"Часовий пояс",?,?,10085
"Парі-Матч",?,?,10082
"Список областей України за площею",?,?,10065
"Органи державної влади",?,?,10027
"Кісткова тканина",?,?,10026
"Одеса",?,?,10018
"Англійська мова",?,?,10015
"Інтернет речей",?,?,10009
"Науковий стиль мовлення",?,?,9997
"Віроїд",?,?,9997
"Єлизавета II",?,?,9991
"Агрегатний стан",?,?,9986
"Нервова система",?,?,9978
"Петлюра Симон Васильович",?,?,9964
"Руська Правда",?,?,9948
"Список президентів США",?,?,9947
"Симбіоз",?,?,9939
"Союз визволення України",?,?,9923
"Мая (цивілізація)",?,?,9914
"Європа",?,?,9903
"Синютка Олег Михайлович",?,?,9899
"Українські прізвища",?,?,9894
"І будуть люди (телесеріал)",?,?,9891
"Одіссея",?,?,9890
"Літопис",?,?,9868
"Коронавірусна хвороба 2019",?,?,9858
"Залізо",?,?,9852
"Правопорушення",?,?,9847
"Дніпро (місто)",?,?,9799
"Слов'яни",?,?,9796
"Фотосинтез",?,?,9792
"Українська Радянська Соціалістична Республіка",?,?,9770
"Вагіф Алієв",?,?,9762
"Іслам",?,?,9751
"Унітарна держава",?,?,9751
"Збірна України з футболу",?,?,9750
"Скелет людини",?,?,9742
"Місцеве самоврядування в Україні",?,?,9733
"Модернізм",?,?,9729
"Спирти",?,?,9728
"Галицька битва",?,?,9728
"Шарій Анатолій Анатолійович",?,?,9709
"Реєстрове козацтво",?,?,9662
"Антична література",?,?,9656
"Декларація прав людини і громадянина",?,?,9654
"Причини Першої світової війни",?,?,9650
"Шухевич Роман Осипович",?,?,9622
"Список країн за ВВП (номінал)",?,?,9620
"Костенко Ліна Василівна",?,?,9600
"Алюміній",?,?,9591
"Генріх Гейне",?,?,9570
"Шевченко Андрій Миколайович",?,?,9568
"Міста України (за населенням)",?,?,9556
"Кріпацтво",?,?,9550
"Список країн світу",?,?,9534
"Реєстраційний номер облікової картки платника податків",?,?,9532
"Берестейський мир",?,?,9479
"Naspers",?,?,9471
"Інтернет",?,?,9469
"Піхва жінки",?,?,9463
"Інформаційна система",?,?,9453
"Прості речовини",?,?,9443
"Християнство",?,?,9437
"Рукавичка (балада)",?,?,9407
"Методи біологічних досліджень",?,?,9404
"Байка",?,?,9404
"Норвегія",?,?,9403
"Хронологія Першої світової війни",?,?,9398
"Пушкін Олександр Сергійович",?,?,9393
"Директорія Української Народної Республіки",?,?,9391
"Івано-Франківськ",?,?,9386
"Канабіс",?,?,9378
"Транснаціональна корпорація",?,?,9373
"Гроші",?,?,9366
"Маскарад (телешоу)",?,?,9353
"Епітелій",?,?,9352
"Жири",?,?,9339
"Ринкова економіка",?,?,9337
"Бароко",?,?,9336
"Японія",?,?,9333
"Міфологія",?,?,9331
"Кутова швидкість",?,?,9327
"Група періодичної системи",?,?,9324
"Давньогрецька міфологія",?,?,9316
"Ацтеки",?,?,9315
"Інформаційна безпека",?,?,9312
"Конфлікт",?,?,9312
"Культура Стародавнього Єгипту",?,?,9310
"Прискорення вільного падіння",?,?,9309
"Кріштіану Роналду",?,?,9303
"Місто (роман)",?,?,9296
"Марченко Оксана Михайлівна",?,?,9292
"Океан",?,?,9288
"Державна влада",?,?,9282
"Список країн за населенням",?,?,9260
"Українська греко-католицька церква",?,?,9245
"Склад злочину",?,?,9216
"Економіка Франції",?,?,9200
"Monobank",?,?,9195
"Джо Байден",?,?,9183
"2020",?,?,9181
"Єгипетські піраміди",?,?,9171
"Роксолана",?,?,9162
"БРСМ-Нафта",?,?,9138
"Кишковопорожнинні",?,?,9133
"Скоропадський Павло Петрович",?,?,9131
"Яновський Юрій Іванович",?,?,9125
"Чума",?,?,9124
"Вільшаний король (балада)",?,?,9104
"Друга Карабаська війна",?,?,9095
"Суспільство",?,?,9094
"Паперовий будинок (телесеріал)",?,?,9073
"Азот",?,?,9073
"Інки",?,?,9070
"Біологічна класифікація",?,?,9066
"Христофор Колумб",?,?,9065
"Нідерланди",?,?,9049
"2019",?,?,9044
"Марс (планета)",?,?,9027
"Литовські Статути",?,?,9019
"Дмитро Вишневецький",?,?,9010
"Судова система України",?,?,9008
"Товариство з обмеженою відповідальністю",?,?,8986
"Голодомор в Україні (1932—1933)",?,?,8969
"Розподіл державної влади",?,?,8958
"Символізм",?,?,8949
"Правовідносини",?,?,8943
"Фашизм",?,?,8941
"Мистецтво",?,?,8912
"Лисиця звичайна",?,?,8902
"Бензен",?,?,8901
"Список битв та військових операцій Першої світової війни",?,?,8877
"Мораль",?,?,8856
"Займенник",?,?,8853
"Minecraft",?,?,8845
"Каденюк Леонід Костянтинович",?,?,8831
"Урбанізація",?,?,8827
"Шрі-Ланка",?,?,8826
"Харків",?,?,8808
"Екологія",?,?,8803
"Інтроверсія — екстраверсія",?,?,8797
"Магнітна буря",?,?,8793
"Електричний опір",?,?,8789
"GIF",?,?,8787
"Історія",?,?,8757
"Стародавня Греція",?,?,8753
"Економіка Бельгії",?,?,8752
"Євангеліє",?,?,8742
"Список хімічних елементів",?,?,8739
"День працівників освіти",?,?,8738
"Дієслово",?,?,8723
"Тіна Кароль",?,?,8707
"Чи не той то хміль...",?,?,8703
"Казка",?,?,8693
"Test",?,?,8651
"Ілон Маск",?,?,8631
"Палеоліт",?,?,8625
"Сільське господарство",?,?,8622
"Айвенго",?,?,8611
"Сталий розвиток",?,?,8581
"Російська імперія",?,?,8578
"Pontiac GTO",?,?,8574
"Ахіллес",?,?,8558
"Історія української мови",?,?,8532
"Порошенко Марина Анатоліївна",?,?,8530
"Попов Олександр Павлович",?,?,8503
"Релігія",?,?,8497
"Дієприкметник",?,?,8494
"Президент України",?,?,8487
"Леонардо да Вінчі",?,?,8484
"Linux",?,?,8478
"Анемія",?,?,8478
"Кропивницький",?,?,8446
"Кунілінгус",?,?,8440
"Історичне джерело",?,?,8423
"Мітоз",?,?,8421
"Локдаун",?,?,8419
"Однорідні члени речення",?,?,8412
"Mouse Genome Informatics",?,?,8405
"Притча про блудного сина",?,?,8383
"Міста України (за алфавітом)",?,?,8381
"Австрія",?,?,8365
"IOS",?,?,8363
"Рибосома",?,?,8356
"Володимир Мономах",?,?,8355
"Список позначень у фізиці",?,?,8341
"Коронавірусна хвороба 2019 в Україні",?,?,8326
"Роберт Луїс Стівенсон",?,?,8317
"Медичний канабіс",?,?,8315
"Сталін Йосип Віссаріонович",?,?,8310
"Данія",?,?,8306
"Платон",?,?,8302
"Алкени",?,?,8292
"Оргазм",?,?,8291
"Кам'яна доба",?,?,8289
"Енеїда (Котляревський)",?,?,8288
"Сократ",?,?,8258
"Водень",?,?,8248
"Російська революція (1917)",?,?,8245
"Мойсей",?,?,8244
"Магнітне поле Землі",?,?,8235
"Наука",?,?,8228
"Знаки зодіаку",?,?,8224
"Січові Стрільці",?,?,8220
"Час в Україні",?,?,8214
"Комп'ютерний вірус",?,?,8210
"Французька революція",?,?,8201
"Всеукраїнське об'єднання «Свобода»",?,?,8201
"Мовна норма",?,?,8195
"Болбочан Петро Федорович",?,?,8193
"Південно-Африканська Республіка",?,?,8189
"Шістдесятники",?,?,8187
"Кіт свійський",?,?,8184
"Вакуоля",?,?,8184
"Google Classroom",?,?,8175
"Закони Хаммурапі",?,?,8169
"Молюски",?,?,8158
"Угорщина",?,?,8152
"Козацькі повстання",?,?,8147
"Доцентрове прискорення",?,?,8125
"Маркетинг",?,?,8116
"Економічна теорія",?,?,8115
"Чехія",?,?,8096
"Солі (хімія)",?,?,8093
"Документ",?,?,8091
"Екзистенціалізм",?,?,8090
"Пульсоксиметр",?,?,8089
"Сонце",?,?,8087
"Індія",?,?,8075
"Вуглець",?,?,8060
"Неологізм",?,?,8052
"Антанта",?,?,8051
"Червоне і чорне",?,?,8049
"Європейська Солідарність",?,?,8041
"Bayraktar TB2",?,?,8024
"Плужник Євген Павлович",?,?,8019
"Цукор",?,?,8008
"Четвертий Універсал Української Центральної Ради",?,?,7998
"Соціалізація",?,?,7997
"Травлення",?,?,7966
"Іонний зв'язок",?,?,7966
"Географічний центр України",?,?,7961
"Податок на додану вартість",?,?,7954
"Радянсько-українська війна",?,?,7950
"Західноукраїнська Народна Республіка",?,?,7945
"Кабінет Міністрів України",?,?,7940
"Водневий зв'язок",?,?,7940
"Підприємництво",?,?,7938
"Москва",?,?,7922
"Вовк",?,?,7922
"Білий гриб",?,?,7914
"Лемюель Гулівер",?,?,7904
"Нацизм",?,?,7896
"Капіталізм",?,?,7896
"Булгаков Михайло Опанасович",?,?,7889
"Загальна декларація прав людини",?,?,7888
"Декабристи",?,?,7882
"Інфляція",?,?,7874
"Іспанія",?,?,7874
"Руська трійця",?,?,7868
"Антонім",?,?,7865
"Полісахариди",?,?,7854
"Спинний мозок",?,?,7853
"Державний суверенітет",?,?,7851
"Модерн (мистецтво)",?,?,7850
"Рижик смачний",?,?,7848
"День автомобіліста і дорожника",?,?,7846
"Костянтин Василь Острозький",?,?,7833
"Експеримент CBM",?,?,7833
"Діалектика",?,?,7832
"Буддизм",?,?,7830
"Халіфат",?,?,7821
"Мануфактура",?,?,7820
"Піраміда потреб Абрагама Маслоу",?,?,7820
"Жовтневий переворот",?,?,7820
"Дексаметазон",?,?,7813
"Помста княгині Ольги древлянам",?,?,7810
"Марксизм",?,?,7802
"Прийменник",?,?,7800
"Депутатська група «Довіра»",?,?,7799
"Ілля Муромець",?,?,7791
"Людина",?,?,7788
"Протестантизм",?,?,7786
"Функції мови",?,?,7784
"Опеньок осінній справжній",?,?,7769
"Волт Вітмен",?,?,7758
"Вороний Микола Кіндратович",?,?,7752
"Юлія Саніна",?,?,7740
"Гіпербола (література)",?,?,7736
"Череп",?,?,7736
"Консерватизм",?,?,7733
"Нейрон",?,?,7731
"Хрущов Микита Сергійович",?,?,7729
"Православна церква України",?,?,7723
"Шляхта",?,?,7721
"Електродвигун",?,?,7718
"Третяк Олександр Віталійович",?,?,7694
"Населення Землі",?,?,7692
"Інфузорія-туфелька",?,?,7688
"Ngx-bootstrap",?,?,7687
"Демократична Сокира",?,?,7685
"Львівська область",?,?,7682
"Теорія держави і права",?,?,7681
"Електронна пошта",?,?,7680
"Дихання",?,?,7679
"Вітамін C",?,?,7670
"Сифіліс",?,?,7665
"Свідомість",?,?,7664
"Генеральний секретаріат Української Центральної Ради",?,?,7663
"Київські князі",?,?,7661
"Політична партія",?,?,7652
"Індекс людського розвитку",?,?,7650
"Візантійська культура",?,?,7650
"Петро Могила",?,?,7650
"Мідь",?,?,7643
"Коваленко Анна Миколаївна",?,?,7636
"Юпітер (планета)",?,?,7622
"Церковні братства",?,?,7620
"Путін Володимир Володимирович",?,?,7618
"Фреймут Ольга Михайлівна",?,?,7617
"Молодіжні субкультури",?,?,7615
"Рівномірний рух",?,?,7610
"Адміністративне право",?,?,7605
"Темперамент",?,?,7600
"Сектор економіки",?,?,7600
"Перевтілення (оповідання)",?,?,7599
"Екологічні фактори",?,?,7597
"Група крові",?,?,7592
"Суглоб",?,?,7582
"Структура бактеріальної клітини",?,?,7568
"Індустріальне суспільство",?,?,7554
"Соціологія",?,?,7548
"Поділ клітини",?,?,7541
"Натуральні числа",?,?,7540
"Кернес Геннадій Адольфович",?,?,7528
"Конституційне право України",?,?,7519
"Велике переселення народів",?,?,7513
"Остап Вишня",?,?,7513
"Юстиніан I",?,?,7513
"Лужні метали",?,?,7510
"Нова економічна політика",?,?,7496
"Черкаси (фільм)",?,?,7496
"Електричний генератор",?,?,7496
"Кобзар (збірка)",?,?,7493
"Галичина під час російської окупації (1914—1915)",?,?,7490
"Дональд Трамп",?,?,7490
"Олімпійські ігри",?,?,7488
"Ґрунт",?,?,7482
"Гемоглобін",?,?,7463
"Постіндустріальне суспільство",?,?,7461
"Достоєвський Федір Михайлович",?,?,7420
"Етанол",?,?,7410
"Прикметник",?,?,7405
"Українська Держава",?,?,7399
"Джерело права",?,?,7394
"Кров",?,?,7386
"Дифтерія",?,?,7386
"Хлор",?,?,7385
"Голодомор в Україні (1946—1947)",?,?,7373
"Межиріччя",?,?,7358
"Чорнобильська катастрофа",?,?,7357
"Географічний центр Європи",?,?,7347
"Шизофренія",?,?,7336
"Третинний сектор економіки",?,?,7334
"Сім чудес світу",?,?,7321
"Політична система",?,?,7320
"Сила",?,?,7310
"Мова",?,?,7309
"Імунна система",?,?,7303
"Вінниця",?,?,7301
"Неклітинні форми життя",?,?,7299
"Природа",?,?,7298
"Мовознавство",?,?,7292
"Мартін Лютер Кінг",?,?,7289
"Географія",?,?,7285
"Асиміляція",?,?,7284
"Динамо (Київ)",?,?,7281
"Фосфор",?,?,7280
"Apple Inc.",?,?,7273
"Країни, що розвиваються",?,?,7272
"Податок",?,?,7269
"Комп'ютерна мережа",?,?,7268
"Конституція",?,?,7262
"Русалка Дністровая",?,?,7261
"Холера",?,?,7259
"Неоліт",?,?,7257
"Економіка Швейцарії",?,?,7249
"Переміщення",?,?,7247
"План Маршалла",?,?,7242
"Мистецтво Стародавнього Єгипту",?,?,7240
"Західний фронт (Перша світова війна)",?,?,7231
"Спіймати Кайдаша",?,?,7224
"Сульфатна кислота",?,?,7218
"Неметали",?,?,7217
"Таблиця математичних символів",?,?,7205
"Фенетилін",?,?,7201
"Первісна культура",?,?,7197
"Швеція",?,?,7196
"Гуманізм епохи Відродження",?,?,7181
"Справа Василя Стуса (книга)",?,?,7180
"Сага (телесеріал)",?,?,7176
"Інтелектуальна власність",?,?,7172
"Список українських народних пісень",?,?,7171
"Сатурн (планета)",?,?,7161
"Клітинна теорія",?,?,7157
"Загородній Анатолій Глібович",?,?,7148
"Адміністративне правопорушення",?,?,7147
"Створення світу в Біблії",?,?,7129
"Новий Заповіт",?,?,7124
"Додаток (мовознавство)",?,?,7121
"Хрущовська відлига",?,?,7107
"Світязь (балада)",?,?,7101
"Мислення",?,?,7085
"Способи самогубства",?,?,7085
"Революції 1848—1849 років",?,?,7083
"Альберт Ейнштейн",?,?,7082
"Руїна",?,?,7076
"Фізична особа-підприємець",?,?,7072
"Фізичне явище",?,?,7072
"Чотирнадцять пунктів Вілсона",?,?,7068
"Сполучна тканина",?,?,7064
"Черкаси (морський тральщик)",?,?,7063
"Міжнародна організація",?,?,7059
"Нейтрофіли",?,?,7048
"Гліколіз",?,?,7047
"Магнітні матеріали",?,?,7042
"Публіцистичний стиль мовлення",?,?,7038
"Біологія",?,?,7031
"JavaScript",?,?,7026
"Повітря",?,?,7024
"Список держав та залежних територій Європи",?,?,7023
"Виконавча влада",?,?,7023
"Материк",?,?,7022
"Титанік",?,?,7015
"Садовий Андрій Іванович",?,?,7005
"Бельгія",?,?,7001
"Правова держава",?,?,7001
"Способи живлення організмів",?,?,6992
"14 жовтня",?,?,6990
"Нова Пошта",?,?,6987
"Популяція",?,?,6987
"Хомчак Руслан Борисович",?,?,6986
"Драма (жанр)",?,?,6985
"Чернівці",?,?,6985
"Більшовики",?,?,6979
"Європейська інтеграція",?,?,6970
"Коцюбинський Михайло Михайлович",?,?,6960
"Кревська унія",?,?,6959
"Кисень",?,?,6955
"Вашингтонська морська конференція",?,?,6953
"Підшлункова залоза",?,?,6946
"Кількість речовини",?,?,6928
"Адміністративний устрій України",?,?,6923
"Зеленська Олена Володимирівна",?,?,6922
"Печериця",?,?,6922
"Теофімо Лопес",?,?,6920
"Тупицький Олександр Миколайович",?,?,6915
"Ізомери",?,?,6909
"Галичина",?,?,6907
"Політика",?,?,6897
"Область України",?,?,6894
"Антична культура",?,?,6892
"Піраміда (геометрія)",?,?,6889
"Вікіпедія",?,?,6876
"Нікола Тесла",?,?,6871
"Бразилія",?,?,6868
"Кухонна сіль",?,?,6867
"Лисенківщина",?,?,6867
"Сім'я",?,?,6867
"Антибіотики",?,?,6861
"Османська імперія",?,?,6860
"Китай",?,?,6855
"Опік",?,?,6852
"Мейхер Надія Олександрівна",?,?,6851
"Павуки",?,?,6848
"Іван Сірко",?,?,6845
"Хмельницький",?,?,6841
"Нові індустріальні країни",?,?,6836
"Електромагніт",?,?,6836
"Авангардизм",?,?,6834
"Складносурядне речення",?,?,6831
"Музика",?,?,6828
"Екосистема",?,?,6827
"Опорно-рухова система",?,?,6823
"Пам'ять",?,?,6816
"Стів Джобс",?,?,6814
"Давньогрецькі колонії Північного Причорномор'я",?,?,6812
"MacOS",?,?,6804
"Неорганічна речовина",?,?,6802
"Словаччина",?,?,6792
"Дихальна система",?,?,6791
"Луцьк",?,?,6789
"Кобзар",?,?,6789
"Гривня",?,?,6785
"Неокласики",?,?,6783
"Східний фронт (Перша світова війна)",?,?,6780
"Рефлекторна дуга",?,?,6777
"Партія Шарія",?,?,6774
"Стус Дмитро Васильович",?,?,6770
"Грип",?,?,6768
"Жінка (телесеріал, Туреччина)",?,?,6767
"Українські соціально-побутові пісні",?,?,6761
"Поліомієліт",?,?,6754
"Тернопіль",?,?,6742
"Напівпровідник",?,?,6737
"Неоподатковуваний мінімум",?,?,6734
"Галузь права",?,?,6732
"Печінка",?,?,6731
"Чапкіс Григорій Миколайович",?,?,6730
"Карабаська війна",?,?,6723
"Обставина",?,?,6715
"Філософія Відродження",?,?,6715
"Янукович Віктор Федорович",?,?,6714
"Комунікація",?,?,6713
"Операція «Захід»",?,?,6705
"Економіка Ісландії",?,?,6701
"Крохмаль",?,?,6700
"Верденська битва",?,?,6688
"Кличко Володимир Володимирович",?,?,6682
"Києво-Печерська лавра",?,?,6682
"США в Першій світовій війні",?,?,6679
"Правила вживання м'якого знака в українській мові",?,?,6678
"Вальтер Скотт",?,?,6676
"Схоластика",?,?,6660
"Вільне падіння",?,?,6655
"Корисні копалини України",?,?,6655
"Літературні жанри",?,?,6652
"Акціонерне товариство",?,?,6647
"Стиль мовлення",?,?,6646
"Маланюк Євген Филимонович",?,?,6645
"Ленін Володимир Ілліч",?,?,6645
"Римська імперія",?,?,6645
"Чорновіл В'ячеслав Максимович",?,?,6643
"Дімопулос Санта Янісівна",?,?,6642
"Метан",?,?,6641
"Рада Європи",?,?,6641
"Отче наш",?,?,6640
"Агностицизм",?,?,6639
"Чумацтво",?,?,6638
"Скелетні м'язи",?,?,6631
"Латинська мова",?,?,6620
"Літературна дискусія 1925–1928",?,?,6617
"Стрес",?,?,6610
"Шлях (фізика)",?,?,6606
"Біологічні ритми",?,?,6602
"Родовий відмінок однини іменників чоловічого роду другої відміни",?,?,6602
"Кривий Ріг",?,?,6598
"Територіальна громада України",?,?,6594
"Список країн за ІЛР",?,?,6592
"Менеджмент",?,?,6584
